{
  "best_step": 366000,
  "best_val_loss": 2.656690979003906,
  "time": 1773420244.83056
}