{
  "best_step": 366000,
  "best_val_loss": 2.652235517501831,
  "time": 1773503508.8558664
}